For testing,benchmark1
0.01,2,8,10,5,5
7,4,7,10,6
run,prop,test_acc,run_duration
0,0.005,1.0,6714.614553928375
1,0.005,1.0,5515.547769784927
2,0.005,1.0,9700.024492740631
3,0.005,1.0,8733.724388837814
4,0.005,1.0,4423.643568992615
