For testing,benchmark1
0.01,2,8,10,5,5
7,5,5,5,9
run,prop,test_acc,run_duration
0,0.001,1.0,3079.999489545822
1,0.001,1.0,3445.578495502472
2,0.001,1.0,5340.8171672821045
3,0.001,1.0,3246.9206461906433
4,0.001,1.0,1771.5037851333618
