For testing,benchmark1
run,prop,test_acc,run_duration
0,0.1,0.05555555555555555,3600.039088487625
1,0.1,0.05555555555555555,1593.4177899360657
2,0.1,0.05555555555555555,2419.143424987793
3,0.1,0.1111111111111111,2362.0916097164154
4,0.1,0.0,1611.7094349861145
