For testing,benchmark1
run,prop,test_acc,run_duration
0,0.0002,0.1111111111111111,1858.794662475586
1,0.0002,0.0,2673.3481159210205
2,0.0002,0.05555555555555555,1426.830830335617
3,0.0002,0.05555555555555555,1567.8620748519897
4,0.0002,0.0,1936.0560853481293
