For testing,benchmark1
0.01,2,8,10,5,5
9,2,7,11,13
run,prop,test_acc,run_duration
0,0.005,1.0,2437.0389144420624
1,0.005,1.0,1901.807898759842
