For testing,CEXP
run,prop,test_acc,run_duration
0,0.8,1.0,1734.0503993034363
1,0.8,1.0,2085.7443554401398
2,0.8,1.0,1776.4565510749817
3,0.8,1.0,2155.6808507442474
4,0.8,1.0,1530.5387766361237
