For testing,CEXP
run,prop,test_acc,run_duration
0,0.0002,1.0,162.7360212802887
1,0.0002,1.0,160.75427627563477
2,0.0002,1.0,163.7992763519287
3,0.0002,1.0,160.27440810203552
4,0.0002,1.0,164.7941825389862
