For testing,CEXP
run,prop,test_acc,run_duration
0,0.5,1.0,452.350786447525
1,0.5,1.0,488.9267899990082
2,0.5,1.0,464.60328435897827
3,0.5,1.0,1756.8180844783783
4,0.5,1.0,480.5090091228485
