For testing,EXP
run,prop,test_acc,run_duration
0,0.0002,1.0,150.61534237861633
1,0.0002,1.0,144.73776149749756
2,0.0002,1.0,144.73967957496643
3,0.0002,1.0,142.59060525894165
4,0.0002,1.0,144.72223091125488
