For testing,EXP
run,prop,test_acc,run_duration
0,0.5,1.0,315.63116574287415
1,0.5,1.0,358.0443015098572
2,0.5,1.0,334.2917215824127
3,0.5,1.0,324.01183915138245
4,0.5,1.0,451.07508611679077
