For testing,EXP
run,prop,test_acc,run_duration
0,0.9,1.0,1022.1103930473328
1,0.9,1.0,3838.2694478034973
2,0.9,1.0,1397.0096335411072
3,0.9,1.0,2111.141477584839
4,0.9,1.0,1066.045262336731
