For testing,EXP
run,prop,test_acc,run_duration
0,0.8,1.0,957.213428735733
1,0.8,1.0,2378.1573288440704
2,0.8,1.0,777.9603066444397
3,0.8,1.0,1233.335121870041
4,0.8,1.0,3510.5478501319885
