For testing,EXP
run,prop,test_acc,run_duration
0,0.1,1.0,159.64497089385986
1,0.1,1.0,157.1572732925415
2,0.1,1.0,162.22509384155273
3,0.1,1.0,155.46428561210632
4,0.1,1.0,143.1666386127472
