For testing,self_generated_data_2
0.01,2,8,10,5,5
10,11,9,11,5
run,prop,test_acc,run_duration
0,1.0,0.79,467.1057722568512
1,1.0,0.825,438.66737961769104
2,1.0,0.785,487.35551476478577
3,1.0,0.785,459.9263572692871
4,1.0,0.845,436.63902854919434
