For testing,self_generated_data
run,prop,test_acc,run_duration
0,0.5,1.0,13.371699810028076
1,0.5,1.0,2.1187586784362793
2,0.5,0.0,25.77594518661499
