For testing,self_generated_data
run,prop,test_acc,run_duration
0,0.5,1.0,6.106133460998535
1,0.5,1.0,0.9577426910400391
2,0.5,0.0,99.81865763664246
3,0.5,1.0,8.58848237991333
4,0.5,1.0,6.849468469619751
