For testing,benchmark1
0.01,2,8,10,5,5
3,6,3,7,12
run,prop,test_acc,run_duration
0,0.001,1.0,5859.748858213425
1,0.001,1.0,5726.907240152359
2,0.001,1.0,12011.039283752441
3,0.001,1.0,3372.294720888138
4,0.001,1.0,8144.256075620651
