For testing,CEXP
0.01,2,8,10,5,5
5,9,5,7,11
run,prop,test_acc,run_duration
0,0.2,1.0,194.61891412734985
1,0.2,1.0,185.62199354171753
2,0.2,1.0,206.0910348892212
3,0.2,1.0,198.08608436584473
4,0.2,1.0,203.27974891662598
