For testing,CEXP
0.01,2,8,10,5,5
10,8,12,10,10
run,prop,test_acc,run_duration
0,0.005,1.0,161.51903438568115
1,0.005,1.0,170.17828941345215
2,0.005,1.0,149.4898703098297
3,0.005,1.0,161.7619297504425
4,0.005,1.0,155.4575662612915
