For testing,EXP
0.01,2,8,10,5,5
5,7,5,8,13
run,prop,test_acc,run_duration
0,0.005,1.0,153.22861886024475
1,0.005,1.0,146.21864342689514
2,0.005,1.0,149.54372811317444
3,0.005,1.0,146.76554417610168
4,0.005,1.0,142.2072412967682
