For testing,self_generated_data_2
0.01,2,8,10,5,5
6,6,4,5,9
run,prop,test_acc,run_duration
0,0.005,0.805,242.19465160369873
1,0.005,0.795,283.78636384010315
2,0.005,0.765,306.3132736682892
3,0.005,0.785,287.7088384628296
4,0.005,0.845,270.72777342796326
