For testing,self_generated_data
0.01,2,8,10,5,5
2,3,11,4,8
run,prop,test_acc,run_duration
0,0.2,0.74,276.8471257686615
1,0.2,0.8,238.90228581428528
2,0.2,0.85,347.2126030921936
3,0.2,0.77,398.8233468532562
4,0.2,0.83,499.8183925151825
