For testing,self_generated_data
0.01,2,8,10,5,5
4,4,11,9,5
run,prop,test_acc,run_duration
0,0.2,0.73,372.4330892562866
1,0.2,0.83,637.7973492145538
2,0.2,0.78,311.90076541900635
3,0.2,0.84,404.9900028705597
