learning rate,GIN_num_layers,GIN_hidden_dim,train_patience,numL,numK
0.05,2,8,5,10,1
run,epoch,train_loss,train_acc,valid_loss,valid_acc,test_loss,test_acc,epoch_duration,run_duration
0,0,1652.0264723036025,0.8888888888888888,732.0430450439453,2.5,487.9734313964844,1.6,2.006838798522949,_
0,1,460.11341349283856,2.7777777777777777,694.2629470825195,4.5,453.6919189453125,4.0,1.3335919380187988,_
0,2,453.3906995985243,3.5555555555555554,695.8822708129883,4.25,457.4090545654297,3.4,1.319899082183838,_
