learning rate,GIN_num_layers,GIN_hidden_dim,train_patience,numL,numK
0.05,2,8,5,10,1
run,epoch,train_loss,train_acc,valid_loss,valid_acc,test_loss,test_acc,epoch_duration,run_duration
0,0,1649.8758375379775,0.1951219512195122,735.1781196594238,0.3,488.7642059326172,0.3181818181818182,2.0316176414489746,_
0,1,461.7476637098524,0.6341463414634146,696.5845527648926,0.8,458.21869506835935,0.7272727272727273,1.3142924308776855,_
0,2,461.160284254286,0.7317073170731707,697.5886535644531,0.9,457.09105529785154,0.8181818181818182,1.3077847957611084,_
0,3,451.7121404012044,0.8536585365853658,693.9315414428711,0.9,453.3578704833984,0.9090909090909091,1.2909841537475586,_
