learning rate,GIN_num_layers,GIN_hidden_dim,train_patience,numL,numK
0.01,2,8,4,10,10
run,epoch,train_loss,train_acc,valid_loss,valid_acc,test_loss,test_acc,epoch_duration,run_duration
0,0,263.1249629985995,0.8292682926829268,557.0803102016449,0.35,311.97891957109624,0.5454545454545454,120.80915760993958,_
0,1,225.59012760185612,0.8780487804878049,547.1655104637146,0.65,348.33126616477966,0.5909090909090909,119.06049013137817,_
0,2,249.72331540759018,0.8780487804878049,541.741771888733,0.8,269.24144716696304,0.7272727272727273,120.20406794548035,_
0,3,270.20275794005977,0.8780487804878049,483.0223087310791,0.6,282.5476761731234,0.5909090909090909,120.37526679039001,_
0,4,276.69681160042927,0.8780487804878049,488.3487566947937,0.75,258.94835363734853,0.7727272727272727,154.52867984771729,_
0,5,253.76086590929728,0.8780487804878049,479.912188577652,0.9,343.5345410433683,0.9090909090909091,155.1504361629486,_
0,6,265.41077651047124,0.8780487804878049,545.093878030777,0.9,311.90370479497045,0.8636363636363636,158.93525671958923,_
