learning rate,GIN_num_layers,GIN_hidden_dim,train_patience,numL,numK
0.05,2,8,5,10,1
run,epoch,train_loss,train_acc,valid_loss,valid_acc,test_loss,test_acc,epoch_duration,run_duration
0,0,1649.1577690972222,0.1951219512195122,733.8221664428711,0.5,492.08216552734376,0.3181818181818182,2.0081911087036133,_
0,1,460.54156578911676,0.5853658536585366,694.0684928894043,0.9,453.45599975585935,0.9090909090909091,1.3302297592163086,_
0,2,455.072508070204,0.7804878048780488,701.768196105957,0.7,463.8755157470703,0.5909090909090909,1.3386273384094238,_
0,3,451.0608088175456,0.8780487804878049,694.0376281738281,0.9,453.9536407470703,0.9090909090909091,1.3459486961364746,_
0,4,450.9902038574219,0.8536585365853658,696.6833229064941,0.9,459.0496520996094,0.7727272727272727,1.424616813659668,_
0,5,451.74957699245874,0.8536585365853658,695.9018363952637,0.85,458.24256896972656,0.7272727272727273,1.3402650356292725,_
0,6,449.9793421427409,0.8780487804878049,694.2593269348145,0.9,453.4086486816406,0.9090909090909091,1.3449089527130127,_
