learning rate,GIN_num_layers,GIN_hidden_dim,train_patience,numL,numK
0.05,2,8,5,10,1
run,epoch,train_loss,train_acc,valid_loss,valid_acc,test_loss,test_acc,epoch_duration,run_duration
0,0,1649.7641296386719,0.8888888888888888,734.342414855957,2.25,491.71075744628905,1.4,2.062143087387085,_
0,1,460.44736141628687,2.7777777777777777,694.3841247558594,4.5,453.9931274414063,4.0,1.3006455898284912,_
