learning rate,GIN_num_layers,GIN_hidden_dim,train_patience,numL,numK
0.05,2,8,5,10,1
run,epoch,train_loss,train_acc,valid_loss,valid_acc,test_loss,test_acc,epoch_duration,run_duration
0,0,1649.2804633246528,0.8888888888888888,734.7037086486816,2.25,491.6587280273437,1.4,1.9943242073059082,_
0,1,460.256091647678,2.7777777777777777,694.3626403808594,4.5,453.7532989501953,4.0,1.34283447265625,_
0,2,454.2263887193468,3.4444444444444446,694.5915679931641,4.5,454.0619689941406,4.0,1.333059310913086,_
0,3,451.3851369222005,4.0,696.7484397888184,4.0,456.34331970214845,3.4,1.3386571407318115,_
