learning rate,GIN_num_layers,GIN_hidden_dim,train_patience,numL,numK
0.05,2,8,5,10,1
run,epoch,train_loss,train_acc,valid_loss,valid_acc,test_loss,test_acc,epoch_duration,run_duration
0,0,1649.0997789171006,0.8888888888888888,733.1296997070312,2.5,492.19524536132815,1.4,2.118008613586426,_
0,1,460.3944346110026,2.888888888888889,694.4211845397949,4.5,454.0619293212891,4.0,1.3340253829956055,_
0,2,455.2210218641493,3.4444444444444446,696.5762023925781,4.25,459.19676818847654,3.2,1.341076374053955,_
0,3,452.01344129774304,3.888888888888889,693.9359169006348,4.5,453.5155395507812,4.0,1.3493578433990479,_
0,4,450.1194144354926,4.0,693.593132019043,4.5,452.99974060058594,4.0,1.4253435134887695,_
0,5,449.99318355984155,4.0,694.5346450805664,4.5,454.0714904785156,4.0,1.3487064838409424,_
0,6,450.00038570827905,4.0,693.5547714233398,4.5,452.78855895996094,4.0,1.3483953475952148,_
0,7,449.82153574625653,4.0,694.3158111572266,4.5,453.2779571533203,4.0,1.3285722732543945,_
0,8,450.42765553792316,3.888888888888889,693.8033866882324,4.5,454.7273834228516,3.8,1.3273117542266846,_
